Hubs,Degree
KRAS,388
ELAVL1,318
RIT1,191
CAPZB,173
XPO1,165
STAU1,160
CDC42,151
VCP,148
FN1,147
PRC1,145
CANX,141
CDC5L,141
ANLN,139
HSPA8,137
CAND1,137
RHOA,136
HSPA5,126
ECT2,125
EZH2,122
RC3H2,120
FUS,119
RAC1,118
LRRC59,116
HSP90AA1,113
RAB7A,111
RPN1,110
HNRNPU,108
SUMO2,108
YWHAE,105
TOP1,101
G3BP1,99
PARP1,98
ILF3,97
GSK3B,95
RAB5C,94
ACTB,93
CSNK2A1,89
DHX9,87
RAB5A,86
HSPA1A,85
USP14,85
YWHAQ,83
RBX1,83
HSP90AB1,82
YWHAZ,82
RPN2,82
RAB2A,82
DERL1,82
HNRNPC,80
PCBP1,80
HNRNPA2B1,79
HSPD1,78
RAB1A,77
TUBB,77
EEF1A1,77
HNRNPK,76
CUL2,76
SRSF1,75
PPP1CA,75
RAB11A,75
SERBP1,75
MATR3,74
UBE2I,74
CDC73,74
SSR1,74
IQGAP1,73
SYNCRIP,73
CPSF6,72
VDAC1,72
HSP90B1,72
SF3B1,71
ILF2,71
YWHAB,70
PPP2R1A,69
SRSF3,69
GRB2,69
ARF6,68
AURKA,68
HSPA4,67
CCT2,67
ENO1,67
PRKDC,66
EMC2,66
RB1CC1,65
HNRNPR,64
HNRNPM,63
DDX3X,63
SNRPB,63
SRSF7,63
PPT1,63
PPP1CB,62
PSMA3,62
HSPA9,62
TMEM106B,62
MAPRE1,61
GAPDH,60
UBR5,60
RBM8A,60
FBXO7,60
SRPK2,59