Node1,Node2
TTF2,PRDX4
TTF2,PCM1
TTF2,BRCA2
PRDX4,RECQL4
PRDX4,HSP90B1
PRDX4,KIF20A
PRDX4,COPA
CDK9,IL6ST
CDK9,BRCA2
CDK9,RRM2
CDK9,RECQL4
CDK9,HMGB3
CDK9,DDX27
CDK9,ANLN
USP14,PSMB5
USP14,CCNB1
USP14,COPA
USP14,RALA
USP14,HMGN4
PSMB5,RND1
PSMB5,RECQL4
USP13,CACYBP
USP13,PTEN
CACYBP,HSP90B1
CACYBP,RECQL4
RND1,GNAS
RND1,FAM171A1
RND1,DHCR7
RND1,SLC39A6
SHARPIN,PTEN
SHARPIN,OTULIN
SHARPIN,SKI
PTEN,TRIM8
PTEN,EZH2
PTEN,COPA
PTEN,HSP90B1
PTEN,PURB
PAN2,MYO5C
PAN2,UACA
PAN2,PCM1
PAN2,CALD1
PAN2,NUP50
PAN2,KIF20A
MYO5C,ANLN
MYO5C,CALD1
UACA,ANLN
UACA,KIF20A
PCM1,CCNB2
PCM1,CEP95
PCM1,KIF20A
PCM1,CCNB1
PCM1,LRRC49
PCM1,RRM2
CALD1,LMOD1
TFG,VPS37C
TFG,CRYAB
VPS37C,ANLN
CRYAB,TRAPPC9
BRCA2,CDC45
BRCA2,HSP90B1
BRCA2,CCNB1
CDC45,RECQL4
CCNB1,CCNB2
CCNB1,EZH2
CCNB1,RECQL4
CALU,HSP90B1
CALU,SSH3
HSP90B1,EBP
HSP90B1,RECQL4
KIF20A,EZH2
KIF20A,ANLN
KIF20A,GNAS
KIF20A,COPA
KIF20A,CYBRD1
KIF20A,DDX27
KIF20A,BUB1
RALA,NOS1AP
RALA,ANLN
EBP,CREB3L1
EBP,ORMDL3
EBP,ELOVL5
ANLN,GNAS
ANLN,DDX27
ANLN,BIRC5
ANLN,CNIH4
ANLN,RBM15
ANLN,MRPL14
ANLN,PDZD2
ANLN,FAM228B
ZBTB16,EZH2
ZBTB16,LRIG1
EZH2,NUP50
SLC7A1,ELOVL5
SLC7A1,CREB3L1
SLC7A1,ORMDL3
ELOVL5,COPA
ELOVL5,DHCR7
ELOVL5,SLC39A6
NUP50,RECQL4
NUP50,COPA
RECQL4,GNAS
RECQL4,MRPL14
RECQL4,NCAPG
DDX27,HMGN4
COPA,ATL2